"","DBN","TotalEnrollment","ENI","PercentBlack","PercentSWD","PercentPoverty","self_contained","AllStudents_CA","AllStudents_PA","SWD_CA","SWD_PA","gifted","gifted_only","treatment"
"1","01M015",190,0.89,0.274,0.258,0.847,0,20.8,93.8,28.6,92.3,1,1,1
"2","01M019",257,0.679,0.191,0.35,0.77,1,39.6,90.9,31.6,91.5,0,0,0
"3","01M020",497,0.8,0.103,0.237,0.736,1,21.7,94.4,42.9,91.9,0,0,0
"4","01M034",333,0.937,0.318,0.372,0.979,0,32.7,91.2,45,88.9,0,0,1
"5","01M063",203,0.762,0.182,0.33,0.818,0,18.2,94.4,28.6,92.2,0,0,1
"6","01M064",245,0.882,0.208,0.298,0.922,0,38.7,91.1,54.5,87.7,0,0,1
"7","01M110",379,0.58,0.098,0.127,0.625,1,20.4,94.2,36.4,90.9,1,0,0
"8","01M134",297,0.901,0.215,0.418,0.919,1,29.1,92.2,32,91.3,0,0,0
"9","01M140",371,0.913,0.124,0.329,0.884,1,58.6,89.2,54.5,88.6,0,0,0
"10","01M142",340,0.911,0.126,0.374,0.976,1,20.4,93.8,15,94.4,0,0,0
"11","01M184",684,0.653,0.037,0.165,0.68,0,0,98.2,0,98.3,0,0,1
"12","01M188",433,0.954,0.293,0.312,0.921,1,45.7,89.9,57.1,89.2,0,0,0
"13","01M315",318,0.369,0.053,0.176,0.27,0,12,95.5,11.1,95.9,0,0,1
"14","01M361",315,0.505,0.092,0.232,0.457,0,22,92.5,37.5,91.4,0,0,1
"15","01M363",304,0.478,0.092,0.227,0.438,0,15.7,94.6,45.5,90.9,0,0,1
"16","01M364",355,0.554,0.113,0.29,0.546,0,18.2,93.7,27.3,92.9,0,0,1
"17","01M539",1734,0.282,0.077,0.081,0.239,0,3.3,96.7,0,96,1,1,1
"18","02M001",318,0.843,0.176,0.283,0.808,1,21.2,94.2,31.6,91.5,0,0,0
"19","02M002",552,0.91,0.053,0.228,0.966,1,8.1,96.9,18.2,94.4,0,0,0
"20","02M003",753,0.202,0.057,0.208,0.219,1,13.9,94.3,19.2,93.5,0,0,0
"21","02M006",694,0.124,0.024,0.17,0.12,0,4.1,96,5.3,95.9,0,0,1
"22","02M011",923,0.344,0.062,0.148,0.3,0,12.9,95,28.6,92.3,1,1,1
"23","02M033",650,0.499,0.18,0.155,0.482,1,24.2,93.6,40.9,91.1,1,0,0
"24","02M040",673,0.164,0.015,0.174,0.1,0,6,96.1,9.1,95.9,0,0,1
"25","02M041",694,0.078,0.013,0.156,0.094,0,6.6,95.7,7.1,95.3,0,0,1
"26","02M042",653,0.824,0.014,0.172,0.763,0,1.1,98.2,0,97.2,0,0,1
"27","02M051",453,0.602,0.159,0.227,0.594,0,25.4,92.8,42.1,90.6,0,0,1
"28","02M059",614,0.087,0.013,0.166,0.094,0,5.8,96,0,96,0,0,1
"29","02M077",358,0.097,0.003,0.101,0.056,0,0,96.3,0,96.3,1,1,1
"30","02M089",433,0.074,0.016,0.159,0.201,0,6.6,95.9,0,95.9,0,0,1
"31","02M111",395,0.629,0.149,0.215,0.623,1,24.1,93,35.7,89,1,0,0
"32","02M116",539,0.353,0.117,0.178,0.364,0,11.2,95.3,21.1,93.8,0,0,1
"33","02M124",724,0.658,0,0.131,0.564,0,2.9,98.8,13.3,97.4,1,1,1
"34","02M126",784,0.78,0.093,0.194,0.8,0,11,97,17.6,96,0,0,1
"35","02M130",913,0.605,0.01,0.143,0.484,1,1.3,98.5,6.9,97.6,1,0,0
"36","02M150",187,0.147,0.011,0.139,0.128,0,10,95.3,0,95.7,0,0,1
"37","02M151",515,0.402,0.151,0.183,0.433,0,20.5,93.5,41.7,92,0,0,1
"38","02M158",793,0.11,0.028,0.16,0.122,0,7.4,95.4,5.6,94.9,0,0,1
"39","02M183",588,0.059,0.024,0.163,0.111,0,3.5,96.3,5,96.7,0,0,1
"40","02M198",461,0.362,0.1,0.234,0.39,0,11.9,95.8,21.4,93.5,1,1,1
"41","02M212",366,0.26,0.063,0.115,0.232,0,3.5,96,20,94.2,0,0,1
"42","02M217",616,0.28,0.114,0.135,0.343,1,15.1,95,22.2,93.1,1,0,0
"43","02M225",320,0.344,0.166,0.231,0.341,0,23.7,93,28.6,91.9,0,0,1
"44","02M234",642,0.089,0.014,0.168,0.1,0,6.4,95.7,4,95.2,0,0,1
"45","02M267",398,0.077,0.005,0.161,0.111,0,7.3,95.7,10,95.9,0,0,1
"46","02M276",827,0.149,0.041,0.192,0.135,0,2.2,96.3,0,96.8,0,0,1
"47","02M281",272,0.184,0.085,0.151,0.276,0,16.1,95,14.3,94.7,0,0,1
"48","02M290",631,0.106,0.022,0.155,0.117,0,7.1,96.1,11.1,94.4,0,0,1
"49","02M340",277,0.138,0.036,0.173,0.101,0,10.5,95.4,0,95.8,0,0,1
"50","02M343",441,0.107,0.045,0.193,0.098,0,4.8,95.9,6.3,95.3,0,0,1
"51","02M347",197,0.686,0.198,0.543,0.624,0,21.4,92.5,30.19986,91.86482,0,0,1
"52","02M397",539,0.137,0.033,0.174,0.135,0,5.5,95.4,30.19986,91.86482,0,0,1
"53","02M527",387,0.179,0.039,0.16,0.171,0,10.3,95.3,33.3,92.1,0,0,1
"54","03M009",619,0.196,0.048,0.184,0.215,0,7.5,95.6,8.3,95,0,0,1
"55","03M075",560,0.688,0.214,0.4,0.736,1,20.7,93.1,24.4,91.8,0,0,0
"56","03M076",472,0.919,0.752,0.248,0.966,1,42.6,90.1,30.8,92.8,0,0,0
"57","03M084",656,0.44,0.081,0.146,0.405,1,17.7,93.9,20,92.4,0,0,0
"58","03M087",877,0.12,0.04,0.201,0.116,0,5.1,96.2,12.5,95,0,0,1
"59","03M145",391,0.851,0.256,0.256,0.821,1,35.8,90.3,35,90.8,0,0,0
"60","03M149",235,0.934,0.621,0.247,0.991,1,28.6,93.2,37.5,91.4,0,0,0
"61","03M163",565,0.509,0.163,0.188,0.487,0,24.2,93.3,33.3,92,1,1,1
"62","03M165",604,0.711,0.149,0.22,0.725,1,31.6,91.8,52.4,87.6,1,0,0
"63","03M166",648,0.187,0.052,0.114,0.205,0,7.4,96.3,18.8,94.7,1,1,1
"64","03M180",545,0.707,0.516,0.165,0.727,0,28.3,90.9,25,88.8,0,0,1
"65","03M191",516,0.72,0.314,0.289,0.74,1,38.2,90.5,60,86.8,1,0,0
"66","03M199",848,0.095,0.039,0.185,0.103,1,3.1,96.3,10.3,95.8,0,0,0
"67","03M241",134,0.901,0.537,0.336,0.925,1,46.2,91,28.6,92.1,0,0,0
"68","03M242",170,0.875,0.6,0.288,0.894,1,48.4,90.7,58.3,88.9,0,0,0
"69","03M333",753,0.295,0.114,0.199,0.185,0,7.8,94.8,0,95.6,0,0,1
"70","03M334",537,0.142,0.028,0.065,0.084,0,3.5,96.6,0,96.8,1,1,1
"71","03M452",336,0.254,0.113,0.196,0.244,0,21.4,94.1,27.3,90.6,0,0,1
"72","03M859",314,0.318,0.121,0.108,0.217,0,26.7,92.9,30.19986,91.86482,0,0,1
"73","04M007",357,0.942,0.275,0.266,0.919,0,31.7,92,30.19986,91.86482,0,0,1
"74","04M012",587,0.42,0.186,0.046,0.409,0,7.8,96.3,30.19986,91.86482,1,1,1
"75","04M037",192,0.876,0.38,0.26,0.87,0,31,91.8,18.2,90.6,0,0,1
"76","04M038",213,0.93,0.3,0.333,0.92,1,48.9,90.3,47.6,91,0,0,0
"77","04M057",818,0.935,0.26,0.275,0.895,1,34,91.1,48,89.9,0,0,0
"78","04M072",620,0.915,0.139,0.248,0.913,1,30.7,92.8,30.19986,91.86482,0,0,0
"79","04M083",439,0.838,0.18,0.226,0.897,1,19.7,94.2,22.2,94.1,0,0,0
"80","04M096",397,0.973,0.254,0.325,0.952,1,32.5,91.9,30,92.1,0,0,0
"81","04M102",318,0.844,0.286,0.308,0.818,1,37.3,89.7,64.7,82.6,1,0,0
"82","04M108",452,0.928,0.319,0.327,0.896,1,37.5,90.4,40,89.8,0,0,0
"83","04M146",334,0.944,0.249,0.377,0.979,1,34.7,92.6,35.3,91.9,0,0,0
"84","04M155",260,0.962,0.088,0.331,0.981,1,26.8,92.8,23.8,93,0,0,0
"85","04M171",725,0.779,0.266,0.225,0.697,0,23.4,92.8,50,87.8,0,0,1
"86","04M182",310,0.932,0.071,0.252,0.971,0,30.2,91.4,25,93.2,0,0,1
"87","04M206",473,0.888,0.279,0.423,0.846,1,33.3,91.9,46.7,90.3,0,0,0
"88","04M375",333,0.951,0.417,0.351,0.952,1,27.6,91.7,26.1,90.9,0,0,0
"89","04M964",448,0.585,0.295,0.232,0.433,0,28,93,54.5,90.4,0,0,1
"90","05M030",252,0.951,0.397,0.298,0.948,1,45,89.4,50,89,0,0,0
"91","05M036",391,0.894,0.417,0.335,0.895,1,42.6,90.6,37,90.6,0,0,0
"92","05M046",661,0.96,0.487,0.333,0.95,1,31.6,91.4,40,89.4,0,0,0
"93","05M092",265,0.956,0.608,0.343,0.985,1,30.4,92.1,38.9,91.8,0,0,0
"94","05M123",479,0.935,0.514,0.248,0.958,1,25.4,93.1,66.7,85,0,0,0
"95","05M125",297,0.653,0.374,0.162,0.687,1,43.8,89.7,57.1,88.3,0,0,0
"96","05M129",435,0.936,0.485,0.257,0.943,1,39.4,88.7,54.5,87.5,1,0,0
"97","05M133",211,0.899,0.483,0.393,0.929,1,35,89.7,26.3,92.4,0,0,0
"98","05M154",302,0.961,0.556,0.321,0.983,1,35.6,92.8,40,92.8,0,0,0
"99","05M161",838,0.939,0.206,0.26,0.967,1,37.5,91.3,61.9,86.6,0,0,0
"100","05M175",321,0.926,0.586,0.237,0.96,1,30,92.5,37.5,92.4,0,0,0
"101","05M194",238,0.961,0.487,0.277,0.971,0,35.7,91.4,55.6,89.1,0,0,1
"102","05M197",314,0.925,0.592,0.338,0.93,1,46.6,88.1,50,86.3,0,0,0
"103","05M200",393,0.939,0.588,0.305,0.911,1,59.5,87.6,63,88.1,0,0,0
"104","05M318",221,0.821,0.778,0.186,0.864,0,40.4,90.7,45.5,90.6,0,0,1
"105","05M517",286,0.584,0.36,0.161,0.472,0,8.3,96.1,9.1,96.7,0,0,1
"106","06M004",557,0.891,0.063,0.262,0.853,1,23.6,93,30,92.3,0,0,0
"107","06M005",597,0.906,0.059,0.251,0.866,1,26,93,47.8,87.7,0,0,0
"108","06M008",532,0.91,0.023,0.197,0.968,1,14.1,94.9,23.8,93.3,0,0,0
"109","06M018",353,0.895,0.02,0.232,0.926,1,16.3,93.8,20,89.8,0,0,0
"110","06M028",681,0.956,0.14,0.273,0.937,1,22.1,93.2,28.6,90.9,0,0,0
"111","06M048",543,0.881,0.011,0.263,0.947,1,22.1,93.6,23.1,93.1,0,0,0
"112","06M098",469,0.884,0.019,0.179,0.908,1,24.1,92.4,46.2,85.9,0,0,0
"113","06M103",351,0.687,0.017,0.268,0.698,0,17.4,95.4,17.6,94.5,0,0,1
"114","06M115",475,0.945,0.017,0.192,0.966,1,28.7,92.6,42.9,87.9,0,0,0
"115","06M128",586,0.854,0.015,0.203,0.933,1,28.4,91.3,30.19986,90.7,0,0,0
"116","06M132",305,0.909,0.023,0.249,0.875,1,11.8,94,20,93.6,0,0,0
"117","06M152",572,0.932,0.019,0.222,0.976,1,19.3,94.2,40.9,90.8,0,0,0
"118","06M153",589,0.882,0.173,0.138,0.927,1,18.8,93.9,26.7,92.8,1,0,0
"119","06M173",489,0.809,0.025,0.202,0.902,1,20,94.2,33.3,92.7,0,0,0
"120","06M178",292,0.689,0.017,0.236,0.733,0,9.8,94.9,37.5,90.6,0,0,1
"121","06M187",799,0.433,0.034,0.178,0.433,1,6.9,95.8,22.2,93.5,0,0,0
"122","06M189",813,0.883,0.01,0.192,0.93,1,23.8,93.1,32.3,92.3,0,0,0
"123","06M192",439,0.885,0.098,0.219,0.945,1,36.8,92.1,31.6,91.3,0,0,0
"124","06M210",419,0.873,0.024,0.232,0.924,0,10.8,94.8,30.19986,91.86482,0,0,1
"125","06M278",559,0.619,0.02,0.208,0.674,1,10.9,94.7,7.7,94.9,0,0,0
"126","06M311",395,0.768,0.015,0.137,0.813,1,14.3,95.1,33.3,93.4,0,0,0
"127","06M314",292,0.399,0.021,0.154,0.267,0,4.3,95.5,11.1,93.3,0,0,1
"128","06M348",815,0.839,0.034,0.22,0.773,0,12.8,94.7,9.1,95,0,0,1
"129","06M366",571,0.822,0.018,0.173,0.909,0,23,93.7,33.3,91.5,0,0,1
"130","06M368",171,0.748,0.199,0.175,0.702,0,14.3,93.7,12.5,92.3,0,0,1
"131","07X001",663,0.966,0.225,0.228,0.983,1,38.2,90.4,30.19986,90.7,0,0,0
"132","07X005",722,0.954,0.274,0.235,0.957,1,49.4,87.7,42.9,87.2,0,0,0
"133","07X018",603,0.966,0.25,0.267,0.982,1,33.9,92.4,35.9,92,0,0,0
"134","07X025",540,0.917,0.098,0.293,0.956,1,36.1,91.5,30.19986,91.86482,0,0,0
"135","07X029",792,0.942,0.299,0.215,0.934,1,46.4,90.1,38.9,90.5,0,0,0
"136","07X030",559,0.944,0.225,0.209,0.925,1,38.8,89.9,50,88.3,0,0,0
"137","07X031",708,0.923,0.274,0.24,0.921,1,32.8,91,30.19986,91.86482,0,0,0
"138","07X043",471,0.939,0.265,0.221,0.96,1,32.9,90.6,47.6,88.1,0,0,0
"139","07X049",657,0.955,0.256,0.289,0.97,1,31.3,91.9,41.2,90.8,0,0,0
"140","07X065",395,0.982,0.344,0.241,0.987,1,59.2,87.7,68.2,87.5,0,0,0
"141","07X154",370,0.955,0.405,0.23,0.978,0,27.6,93.6,33.3,91.4,0,0,1
"142","07X157",644,0.907,0.314,0.216,0.961,1,46.7,88.9,58.3,86.1,0,0,0
"143","07X161",523,0.934,0.235,0.291,0.962,1,44,90.1,53.1,88.1,0,0,0
"144","07X179",332,0.953,0.151,0.223,0.973,1,36.4,91,66.7,86.2,0,0,0
"145","07X277",488,0.939,0.227,0.213,0.934,0,39,89.8,54.5,86.9,0,0,1
"146","07X359",356,0.843,0.323,0.216,0.893,0,24.2,92.9,33.3,92.3,1,1,1
"147","07X369",261,0.96,0.192,0.337,0.977,1,36.1,92.2,36.4,91.4,0,0,0
"148","08X014",547,0.522,0.055,0.219,0.686,1,23.8,93.2,26.5,92.3,0,0,0
"149","08X036",760,0.846,0.092,0.193,0.792,1,12.8,94.8,19.2,94.6,0,0,0
"150","08X048",697,0.954,0.25,0.296,0.931,1,35.8,90,28.6,90.4,0,0,0
"151","08X062",708,0.934,0.199,0.298,0.984,1,37.9,90.5,39.2,90,0,0,0
"152","08X069",621,0.82,0.156,0.233,0.892,1,20.4,93.8,34.8,92.5,0,0,0
"153","08X071",1646,0.61,0.05,0.208,0.735,1,25.1,92.8,30.4,91.6,0,0,0
"154","08X072",828,0.812,0.21,0.29,0.876,1,38.3,90.3,50,88.8,1,0,0
"155","08X075",632,0.952,0.241,0.214,0.91,1,34.6,92,58.1,88.6,0,0,0
"156","08X093",340,0.766,0.479,0.25,0.753,1,36.4,91.5,60,88,0,0,0
"157","08X100",574,0.908,0.274,0.289,0.829,1,43.5,89.8,55.2,88.6,0,0,0
"158","08X107",514,0.968,0.335,0.36,0.99,1,48.4,87.5,50,86.9,0,0,0
"159","08X119",888,0.89,0.093,0.173,0.843,1,19.6,93.4,21.4,92.6,0,0,0
"160","08X130",489,0.93,0.219,0.299,0.877,1,35.9,90.5,23.1,90.8,0,0,0
"161","08X138",724,0.89,0.287,0.21,0.912,1,35.2,90.8,34.8,90.9,0,0,0
"162","08X140",638,0.937,0.356,0.229,0.926,1,45,89.6,54.8,87.7,0,0,0
"163","08X146",408,0.93,0.419,0.262,0.978,1,29.1,92.4,27.3,90.6,0,0,0
"164","08X152",833,0.956,0.158,0.24,0.922,1,23.9,93.1,30.8,90.9,0,0,0
"165","08X182",879,0.832,0.241,0.197,0.865,0,26.7,92.4,48.1,89.3,1,1,1
"166","08X304",507,0.408,0.071,0.205,0.653,1,15.3,94.8,22.7,94.5,0,0,0
"167","08X333",632,0.944,0.206,0.328,0.968,1,38.6,91.1,56.1,88.4,0,0,0
"168","08X392",281,0.594,0.1,0.192,0.747,1,19.4,93.7,50,87.7,0,0,0
"169","09X004",571,0.959,0.545,0.264,0.939,1,54.3,88.3,55,87.4,0,0,0
"170","09X011",597,0.951,0.263,0.246,0.938,1,26.5,92.2,51.9,88,0,0,0
"171","09X028",720,0.945,0.188,0.253,0.957,1,34.9,91.3,40,90.1,0,0,0
"172","09X035",661,0.905,0.269,0.225,0.912,1,28.8,93.1,28,93.7,0,0,0
"173","09X042",439,0.968,0.408,0.292,0.998,1,29.3,92.2,37.5,90.1,0,0,0
"174","09X053",1143,0.961,0.297,0.156,0.926,1,40.6,90.3,48.4,86.9,0,0,0
"175","09X055",642,0.979,0.503,0.213,0.977,0,33.3,92.5,54.2,89.5,0,0,1
"176","09X058",471,0.969,0.251,0.285,0.964,1,54.3,87.5,55.2,87.2,0,0,0
"177","09X063",589,0.942,0.367,0.216,0.958,1,36,91.4,30.19986,91.86482,0,0,0
"178","09X070",1227,0.953,0.249,0.21,0.968,1,43.6,90,57.4,87.3,0,0,0
"179","09X073",706,0.948,0.224,0.205,0.95,1,46.3,88.2,52.9,85.2,0,0,0
"180","09X088",142,0.953,0.197,0.183,0.923,1,17.4,94.1,30.19986,91.86482,0,0,0
"181","09X109",661,0.912,0.174,0.2,0.93,1,48.4,89.1,64,87.4,0,0,0
"182","09X110",458,0.945,0.384,0.247,0.976,1,32.9,92.7,21.4,93.2,0,0,0
"183","09X114",753,0.942,0.228,0.208,0.951,1,33.8,91.9,34.5,91.8,0,0,0
"184","09X126",571,0.951,0.222,0.177,0.97,1,30.9,92.5,40,90.5,0,0,0
"185","09X132",370,0.973,0.449,0.289,0.949,1,43.2,89.5,47.8,87.8,0,0,0
"186","09X163",481,0.968,0.364,0.27,0.996,1,30.1,93.1,50,89.4,0,0,0
"187","09X199",749,0.952,0.258,0.21,0.976,1,32.4,91.6,58.8,86.2,0,0,0
"188","09X204",630,0.922,0.265,0.237,0.868,1,24.8,93,37.5,90.3,1,0,0
"189","09X218",1009,0.927,0.044,0.186,0.881,0,20.5,94.4,39.3,91.4,0,0,1
"190","09X236",291,0.931,0.237,0.278,0.979,0,14.3,93.8,15.8,93.3,0,0,1
"191","09X274",797,0.965,0.366,0.29,0.945,1,48.1,88.9,52.3,88,0,0,0
"192","09X294",515,0.971,0.179,0.225,0.967,1,24.4,93.6,26.9,93,0,0,0
"193","09X311",402,0.962,0.08,0.229,0.98,1,28.7,92.4,41.7,89,0,0,0
"194","09X443",554,0.966,0.271,0.28,0.973,1,31.9,91.8,47.2,88.9,0,0,0
"195","09X449",439,0.921,0.264,0.314,0.954,1,12.7,94.6,14.3,93.4,0,0,0
"196","09X457",477,0.941,0.281,0.273,0.977,1,31.4,91.9,45,89.8,0,0,0
"197","09X555",432,0.888,0.199,0.164,0.914,1,11.6,94.9,18.8,93.2,0,0,0
"198","10X003",348,0.916,0.29,0.216,0.948,1,29,93.1,30.19986,91.86482,0,0,0
"199","10X007",758,0.77,0.062,0.136,0.826,1,12.6,95,26.1,93.6,1,0,0
"200","10X008",1001,0.868,0.08,0.255,0.876,1,28.3,92.4,41.7,91,0,0,0
"201","10X009",850,0.959,0.155,0.22,0.931,1,32.6,91,45.5,88.3,0,0,0
"202","10X015",480,0.878,0.115,0.194,0.798,1,14.9,94.6,0,96.1,0,0,0
"203","10X020",1072,0.88,0.109,0.263,0.95,1,31,91.8,52.9,88.4,0,0,0
"204","10X023",488,0.957,0.348,0.258,0.93,1,42.9,90.8,57.9,88.5,0,0,0
"205","10X024",915,0.275,0.063,0.138,0.281,1,12.3,95.3,24,93.7,1,0,0
"206","10X032",819,0.954,0.217,0.244,0.988,1,38.4,91.3,40.5,90.9,0,0,0
"207","10X033",919,0.959,0.107,0.209,0.922,1,35.1,91.7,47.1,89.1,0,0,0
"208","10X037",646,0.869,0.215,0.297,0.865,1,43.6,89.9,48.5,89.2,0,0,0
"209","10X046",921,0.951,0.127,0.25,0.925,1,37.2,91.3,47.6,90.3,0,0,0
"210","10X051",217,0.837,0.355,0.157,0.894,0,18.4,93.6,30.19986,91.86482,0,0,1
"211","10X054",485,0.948,0.233,0.198,0.973,1,33.8,92.4,31.3,93.4,0,0,0
"212","10X056",704,0.901,0.074,0.266,0.859,1,23.3,92.9,26.9,91.9,0,0,0
"213","10X059",575,0.974,0.303,0.306,1,1,33.3,92,46.7,89.9,0,0,0
"214","10X077",358,0.879,0.075,0.154,0.872,1,27.6,92.9,47.1,91.3,0,0,0
"215","10X081",725,0.414,0.08,0.185,0.486,1,23.6,93.1,33.3,93.4,0,0,0
"216","10X085",953,0.958,0.271,0.218,0.962,1,28.1,91.9,35.3,90.3,0,0,0
"217","10X086",1669,0.926,0.065,0.209,0.887,1,21.9,93.5,35.8,91.5,0,0,0
"218","10X091",727,0.949,0.169,0.22,0.945,1,27.7,92.1,30.3,91.5,0,0,0
"219","10X094",1261,0.913,0.174,0.231,0.942,1,37,91.4,46.2,90.6,0,0,0
"220","10X095",1288,0.859,0.17,0.203,0.824,1,33.6,91,43.8,90.3,0,0,0
"221","10X159",193,0.931,0.13,0.145,0.865,0,25,92.7,30.19986,91.86482,0,0,1
"222","10X205",1019,0.953,0.122,0.223,0.908,1,31.9,92.1,31.1,91.8,0,0,0
"223","10X207",308,0.881,0.075,0.198,0.86,0,23.1,93.2,30.19986,91.86482,0,0,1
"224","10X226",478,0.939,0.218,0.167,0.967,1,26.7,92.2,44.4,91.8,0,0,0
"225","10X246",736,0.948,0.083,0.22,0.938,1,29,91.9,54.8,88.6,0,0,0
"226","10X279",1092,0.956,0.161,0.205,0.954,1,24.2,93.5,33.3,91.8,0,0,0
"227","10X280",876,0.886,0.079,0.29,0.961,1,27.4,92.1,26.9,91.2,0,0,0
"228","10X291",638,0.956,0.094,0.182,0.989,1,33.3,90.4,59.1,87.2,0,0,0
"229","10X306",692,0.953,0.259,0.218,0.902,1,24.4,92.9,30.4,91.9,0,0,0
"230","10X307",385,0.905,0.06,0.216,0.87,1,17.6,95.1,11.8,94.5,0,0,0
"231","10X310",749,0.885,0.116,0.156,0.959,1,19.1,93.8,15,94.4,0,0,0
"232","10X315",249,0.944,0.133,0.221,0.98,1,23.1,92.6,14.3,93.2,0,0,0
"233","10X340",646,0.919,0.093,0.272,0.882,1,26.5,92.1,32,91.4,0,0,0
"234","10X344",395,0.497,0.137,0.205,0.539,1,12.9,94.7,20,93.6,0,0,0
"235","10X360",490,0.887,0.112,0.229,0.945,1,32.5,91.7,30.19986,91.86482,0,0,0
"236","10X382",273,0.965,0.223,0.161,0.971,0,35.7,90.1,35.7,88.9,0,0,1
"237","10X386",598,0.97,0.129,0.181,0.995,1,18.5,93.6,26.3,91.3,0,0,0
"238","10X396",339,0.928,0.18,0.345,0.926,0,23.1,93.5,19,93.4,0,0,1
"239","11X016",356,0.851,0.472,0.281,0.972,1,41.4,89.5,60.9,85.4,0,0,0
"240","11X019",511,0.446,0.068,0.166,0.605,0,7.7,95.4,10,94.2,0,0,1
"241","11X021",707,0.882,0.648,0.207,0.917,1,40.3,90.9,33.3,90.4,0,0,0
"242","11X041",920,0.911,0.493,0.193,0.986,1,40.7,90.1,50,88.3,0,0,0
"243","11X068",681,0.742,0.765,0.253,0.709,1,23.2,93.3,35.7,89.9,0,0,0
"244","11X076",956,0.835,0.453,0.169,0.789,1,31.8,91.5,45.5,88.4,0,0,0
"245","11X078",824,0.826,0.72,0.167,0.847,1,40.1,90.1,51.6,88.1,0,0,0
"246","11X083",1698,0.718,0.067,0.201,0.657,1,10.4,95.1,19,93.2,0,0,0
"247","11X087",594,0.739,0.699,0.221,0.852,1,23,93.1,25,93,0,0,0
"248","11X089",1548,0.845,0.189,0.178,0.79,1,35.1,91.3,33.3,91.9,0,0,0
"249","11X096",952,0.867,0.208,0.212,0.827,1,37,90.5,44.8,88.4,0,0,0
"250","11X097",659,0.658,0.27,0.214,0.804,1,18.8,93.9,26.9,92.2,0,0,0
"251","11X103",1129,0.884,0.493,0.224,0.898,1,37.9,90.5,40,90.2,0,0,0
"252","11X105",1101,0.876,0.114,0.198,0.919,1,27.6,92.3,30.8,92.7,0,0,0
"253","11X106",1100,0.795,0.265,0.188,0.765,1,26.9,93.2,37.8,91.9,0,0,0
"254","11X108",614,0.614,0.059,0.16,0.782,1,18.3,94.2,30.8,92.7,0,0,0
"255","11X111",677,0.87,0.607,0.291,0.926,1,28.7,91.9,51.4,88.6,0,0,0
"256","11X112",432,0.924,0.486,0.238,0.975,1,40,90.8,33.3,91.4,0,0,0
"257","11X121",917,0.753,0.559,0.188,0.695,1,29.8,91.9,50,89,1,0,0
"258","11X153",649,0.507,0.581,0.123,0.656,1,11,95.8,8.3,94.8,1,0,0
"259","11X160",410,0.581,0.624,0.237,0.724,1,13.3,95.3,10,96.3,0,0,0
"260","11X169",409,0.719,0.733,0.178,0.856,1,18.1,93.3,33.3,91.6,0,0,0
"261","11X175",332,0.376,0.09,0.187,0.527,0,16.2,95.1,22.2,94.6,0,0,1
"262","11X178",435,0.599,0.591,0.232,0.809,1,13.5,94.5,18.8,93.7,0,0,0
"263","11X189",373,0.809,0.493,0.204,0.887,1,28.6,92.6,38.9,91.2,0,0,0
"264","11X194",1326,0.85,0.06,0.15,0.82,1,21,93.6,38.9,90.7,0,0,0
"265","11X357",347,0.797,0.078,0.124,0.865,0,21.4,93.4,45.5,91.3,0,0,1
"266","11X498",636,0.71,0.119,0.217,0.766,1,8.2,95.6,11.1,94.8,0,0,0
"267","11X567",407,0.834,0.15,0.248,0.786,0,16.7,93.8,22.2,93.4,0,0,1
"268","12X006",529,0.965,0.212,0.24,0.991,1,48.8,88,52,88.9,0,0,0
"269","12X044",275,0.972,0.4,0.204,0.964,0,53.5,88.6,33.3,91.2,0,0,1
"270","12X047",1075,0.923,0.157,0.191,0.972,1,22.2,92.9,43.8,89.5,0,0,0
"271","12X057",509,0.941,0.22,0.238,0.898,1,47.8,88.4,59.3,85.3,0,0,0
"272","12X061",292,0.953,0.199,0.182,0.976,1,19.4,94,25,93.7,0,0,0
"273","12X066",669,0.94,0.268,0.221,0.897,1,42.3,89.5,57.6,87.5,0,0,0
"274","12X067",533,0.962,0.25,0.206,0.917,1,40,90.1,40.7,89.4,0,0,0
"275","12X134",651,0.933,0.402,0.203,0.952,1,42.5,89.9,57.1,86.5,0,0,0
"276","12X150",857,0.943,0.201,0.245,0.95,1,47.7,89.3,61.4,86.1,0,0,0
"277","12X195",964,0.96,0.162,0.216,0.939,1,32.5,90.9,37.8,89.2,0,0,0
"278","12X196",934,0.949,0.152,0.203,0.911,1,25.8,93.2,40.9,91.2,0,0,0
"279","12X211",598,0.952,0.139,0.212,0.93,1,17.2,93.6,25,94,0,0,0
"280","12X212",437,0.937,0.346,0.151,0.982,1,35.9,90.8,30.19986,91.86482,0,0,0
"281","12X214",1078,0.914,0.25,0.192,0.894,1,30.7,91.6,46.4,89.4,1,0,0
"282","12X300",614,0.936,0.362,0.308,0.901,1,36.6,90.2,38.5,89,0,0,0
"283","12X314",317,0.951,0.36,0.312,0.981,1,27.3,93,10,96.1,0,0,0
"284","12X458",208,0.872,0.115,0.192,0.957,0,7.5,93.7,25,91.3,0,0,1
"285","12X463",263,0.952,0.445,0.251,0.966,1,31.5,92.7,43.5,90.4,0,0,0
"286","12X531",501,0.897,0.251,0.265,0.97,1,40,90.9,41.7,91.2,0,0,0
"287","12X536",431,0.91,0.239,0.162,0.944,1,33.3,91.1,50,88.8,0,0,0
"288","12X691",298,0.848,0.178,0.228,0.913,0,25.5,93,41.7,90.4,0,0,1
"289","13K003",386,0.859,0.759,0.187,0.925,1,41.1,90.1,69.2,85.9,0,0,0
"290","13K008",916,0.193,0.152,0.126,0.191,0,10.7,95.7,15.4,95.3,0,0,1
"291","13K009",912,0.412,0.413,0.159,0.423,1,15.7,94.6,16.7,93.6,1,0,0
"292","13K011",894,0.477,0.647,0.113,0.456,1,6.4,96,12.5,95.4,0,0,0
"293","13K020",457,0.529,0.486,0.14,0.632,0,29.5,91.7,18.2,93.8,0,0,1
"294","13K044",139,0.927,0.835,0.237,0.964,1,38.9,92.1,30.19986,91.86482,0,0,0
"295","13K046",279,0.864,0.48,0.312,0.9,1,43.6,89.6,28.6,92.3,0,0,0
"296","13K054",208,0.895,0.538,0.202,0.942,0,52.8,89.8,62.5,87.7,0,0,1
"297","13K056",215,0.706,0.651,0.2,0.758,1,47.5,89.3,70,84.9,1,0,0
"298","13K067",219,0.972,0.589,0.361,0.995,1,18.9,93.9,14.3,94,0,0,0
"299","13K093",277,0.913,0.664,0.209,0.975,1,51.1,87.1,60,88.2,0,0,0
"300","13K133",774,0.446,0.256,0.159,0.371,1,16.1,94.3,26.9,92.3,0,0,0
"301","13K256",230,0.948,0.691,0.222,0.983,1,39.5,90.6,30,91.2,0,0,0
"302","13K270",108,0.914,0.685,0.296,0.889,1,43.8,85.5,28.6,91.6,0,0,0
"303","13K282",742,0.597,0.527,0.187,0.559,1,20.5,94.1,30.8,94.2,1,0,0
"304","13K287",179,0.909,0.676,0.268,0.933,0,47.6,87.8,41.7,86.7,0,0,1
"305","13K305",139,0.923,0.698,0.245,0.971,1,40,90.3,42.9,86.7,0,0,0
"306","13K307",366,0.825,0.56,0.369,0.792,1,27.6,91.2,42.9,89.2,0,0,0
"307","13K492",519,0.366,0.318,0.214,0.306,0,3.5,96.3,10,96.5,0,0,1
"308","14K016",223,0.964,0.341,0.305,0.924,1,34.6,91.3,55.6,90,0,0,0
"309","14K017",275,0.745,0.044,0.353,0.709,1,15.9,93.9,14.3,93.8,0,0,0
"310","14K018",178,0.854,0.202,0.343,0.882,1,42.3,92.2,47.1,92.1,0,0,0
"311","14K023",286,0.948,0.507,0.325,0.906,1,46,88,48,88,0,0,0
"312","14K031",592,0.577,0.046,0.154,0.725,0,21.4,93.2,37.5,92.7,0,0,1
"313","14K034",482,0.391,0.046,0.141,0.29,0,17.3,93.7,28.6,92.5,0,0,1
"314","14K059",312,0.959,0.51,0.266,0.952,1,32.1,91.1,46.2,88.8,0,0,0
"315","14K084",793,0.58,0.038,0.165,0.485,0,23.3,93.1,25,91.7,0,0,1
"316","14K110",523,0.353,0.034,0.098,0.273,0,10.7,95,16.7,93.5,0,0,1
"317","14K120",415,0.92,0.19,0.236,0.882,1,30.2,92.2,47.4,89.9,0,0,0
"318","14K132",723,0.537,0.141,0.12,0.429,1,17.9,93.9,36.4,88.6,1,0,0
"319","14K147",360,0.785,0.192,0.192,0.731,1,24.5,92.5,33.3,89.8,0,0,0
"320","14K157",479,0.92,0.182,0.28,0.873,1,38.2,90.8,30.8,91.9,0,0,0
"321","14K196",317,0.884,0.202,0.29,0.88,1,34.4,91.4,46.7,88.9,0,0,0
"322","14K250",488,0.859,0.111,0.141,0.805,1,42.4,90.3,55,88.2,0,0,0
"323","14K257",630,0.895,0.229,0.267,0.844,1,26.8,92.8,35.7,91.4,0,0,0
"324","14K297",223,0.96,0.381,0.229,0.928,0,38.9,91.4,58.3,88.3,0,0,1
"325","14K380",584,0.875,0.192,0.271,0.803,1,24,93.3,33.3,92.1,0,0,0
"326","14K414",597,0.616,0.027,0.221,0.628,1,17.8,94.2,35,91.8,0,0,0
"327","15K001",1294,0.897,0.008,0.175,0.863,1,13,95.3,22.2,93.5,0,0,0
"328","15K010",933,0.33,0.071,0.218,0.241,1,7.3,95.7,13.2,95.2,0,0,0
"329","15K015",497,0.777,0.342,0.324,0.726,1,28.6,92.7,28.6,92.5,0,0,0
"330","15K024",655,0.886,0.02,0.185,0.953,0,14,95.4,22.9,94.2,0,0,1
"331","15K029",927,0.114,0.032,0.124,0.123,0,4.2,96.7,9.1,96,0,0,1
"332","15K032",531,0.466,0.228,0.252,0.45,0,28.2,92.9,31,91.9,1,1,1
"333","15K038",574,0.542,0.294,0.143,0.519,1,23.9,92.5,42.9,88.5,1,0,0
"334","15K039",410,0.182,0.059,0.127,0.137,0,3.8,96,0,95.8,0,0,1
"335","15K058",993,0.118,0.029,0.144,0.11,1,0,96.4,0,96.7,0,0,0
"336","15K094",1380,0.948,0.005,0.084,0.986,1,6.2,97.3,8,94.4,0,0,0
"337","15K107",567,0.093,0.037,0.146,0.079,0,1.1,97.1,0,97.4,0,0,1
"338","15K118",307,0.133,0.114,0.117,0.14,0,2.1,96.1,0,95.2,0,0,1
"339","15K124",344,0.708,0.035,0.198,0.677,0,18.4,95.1,22.2,94.5,0,0,1
"340","15K130",832,0.485,0.069,0.22,0.411,0,5.6,95.6,9.4,94.4,0,0,1
"341","15K131",999,0.908,0.014,0.181,0.871,1,12.7,95.5,13.5,94.8,0,0,0
"342","15K146",686,0.38,0.198,0.294,0.35,0,19.8,94.3,30,92,0,0,1
"343","15K154",514,0.205,0.021,0.193,0.136,0,6.5,96,9.1,95.1,0,0,1
"344","15K169",1496,0.942,0.011,0.172,0.922,1,7,96.9,8.8,95.5,0,0,0
"345","15K172",593,0.739,0.032,0.307,0.872,0,5.7,95.8,3,95.6,0,0,1
"346","15K230",1168,0.769,0.019,0.171,0.723,1,11.2,95.6,7.1,95,1,0,0
"347","15K261",803,0.377,0.229,0.186,0.369,1,14.6,93.9,29.2,90.9,0,0,0
"348","15K295",452,0.522,0.053,0.312,0.442,0,11.9,96,11.1,96.9,0,0,1
"349","15K321",1421,0.069,0.034,0.146,0.075,0,2,96.4,2.9,96.1,0,0,1
"350","15K516",432,0.843,0.005,0.204,0.877,0,10.9,95.3,31.3,92.6,0,0,1
"351","15K676",193,0.949,0.435,0.316,0.979,1,43.9,89.3,43.8,87.6,0,0,0
"352","16K005",208,0.856,0.832,0.37,0.894,1,29.5,89.5,16.7,93.1,0,0,0
"353","16K021",573,0.83,0.85,0.206,0.761,1,29.7,91.7,34.6,90.2,0,0,0
"354","16K025",102,0.956,0.686,0.245,0.99,1,42.9,89.4,42.9,84.4,0,0,0
"355","16K026",226,0.859,0.624,0.226,0.814,1,42.6,90.5,45.5,88.2,1,0,0
"356","16K028",134,0.92,0.828,0.313,0.948,1,40.6,89.1,44.4,89.1,0,0,0
"357","16K040",318,0.921,0.682,0.208,0.881,1,31.3,92.6,25,93.9,0,0,0
"358","16K081",299,0.928,0.612,0.351,0.92,1,50.9,87.5,50,87,0,0,0
"359","16K243",227,0.939,0.727,0.335,0.956,1,40.9,90.6,38.9,91.1,0,0,0
"360","16K262",179,0.862,0.832,0.179,0.955,0,30.2,92.4,30,92.8,0,0,1
"361","16K308",275,0.913,0.764,0.269,0.902,1,48.3,86.9,41.7,85.9,0,0,0
"362","16K309",210,0.846,0.586,0.243,0.833,1,31.7,91.7,18.8,94.2,0,0,0
"363","16K335",246,0.9,0.797,0.228,0.911,1,47.7,90.1,66.7,89.9,0,0,0
"364","16K627",303,0.803,0.611,0.185,0.845,1,46.2,90.3,66.7,88.7,0,0,0
"365","16K628",266,0.675,0.707,0.169,0.692,0,14.8,94.6,30.19986,91.86482,0,0,1
"366","17K006",667,0.881,0.718,0.21,0.868,1,28.1,92.1,34.6,90,0,0,0
"367","17K012",282,0.912,0.716,0.284,0.954,1,47.6,89.3,40,91.6,0,0,0
"368","17K091",260,0.848,0.831,0.246,0.95,1,42.6,90.6,54.5,91,0,0,0
"369","17K092",424,0.85,0.712,0.198,0.922,1,36.4,91.5,63.6,86.8,0,0,0
"370","17K138",565,0.811,0.795,0.181,0.938,1,41.8,90,80,82.3,0,0,0
"371","17K161",367,0.823,0.831,0.237,0.935,1,38.7,90.6,38.1,89.9,1,0,0
"372","17K181",689,0.808,0.84,0.197,0.765,1,20.3,92.8,30,89.3,0,0,0
"373","17K189",1054,0.831,0.695,0.141,0.93,1,27.2,93.2,37.5,92,0,0,0
"374","17K191",170,0.95,0.8,0.282,0.971,1,51.7,88.6,50,88.7,0,0,0
"375","17K221",300,0.834,0.867,0.197,0.923,1,35.1,90.3,33.3,88.9,0,0,0
"376","17K241",521,0.801,0.858,0.115,0.881,0,23.5,93.4,20,93.6,0,0,1
"377","17K249",873,0.811,0.411,0.183,0.787,1,14,94.5,28.6,93.6,0,0,0
"378","17K289",394,0.855,0.731,0.244,0.815,1,38,89.9,37.5,88.7,0,0,0
"379","17K316",539,0.647,0.701,0.158,0.672,0,20,93.4,11.8,93.2,1,1,1
"380","17K375",387,0.856,0.646,0.245,0.928,1,17.2,94.8,40,88.7,0,0,0
"381","17K394",477,0.857,0.721,0.145,0.885,1,40.5,90,44.4,85.9,0,0,0
"382","17K397",195,0.829,0.692,0.159,0.887,0,25.7,93.1,30,93.7,0,0,1
"383","17K398",297,0.92,0.815,0.263,0.966,1,33.3,90.8,52.6,85.6,0,0,0
"384","17K399",400,0.824,0.743,0.147,0.955,1,39.8,90.5,75,81.6,0,0,0
"385","17K532",468,0.871,0.699,0.241,0.865,0,28.6,92.8,32.1,92.9,0,0,1
"386","17K705",398,0.612,0.462,0.261,0.628,1,21.8,92.9,25,92.5,0,0,0
"387","17K770",289,0.582,0.585,0.17,0.574,0,6.7,95.4,0,96.8,0,0,1
"388","18K066",822,0.608,0.872,0.118,0.727,1,16.7,94,23.1,91.9,0,0,0
"389","18K114",522,0.821,0.824,0.249,0.789,1,33.3,91.9,25,92.2,0,0,0
"390","18K115",971,0.667,0.815,0.188,0.64,1,15.7,93.9,16.2,93.9,1,0,0
"391","18K135",574,0.806,0.807,0.129,0.882,1,13.7,94.5,27.8,91.8,0,0,0
"392","18K208",380,0.72,0.913,0.274,0.845,1,36.1,90.8,55,87.2,0,0,0
"393","18K219",534,0.834,0.85,0.251,0.801,1,42.7,89.5,57.7,87.3,0,0,0
"394","18K233",457,0.721,0.919,0.21,0.864,1,20.4,93.6,18.2,94.5,0,0,0
"395","18K235",1254,0.565,0.928,0.089,0.723,1,19.6,94.3,43.3,90.4,0,0,0
"396","18K244",494,0.711,0.917,0.251,0.82,1,30.1,91.8,42.3,88.9,0,0,0
"397","18K268",383,0.819,0.909,0.164,0.872,0,25,92.2,72.7,85.7,0,0,1
"398","18K272",473,0.881,0.765,0.319,0.926,1,46.3,89.4,51.4,89.3,0,0,0
"399","18K276",616,0.712,0.872,0.192,0.791,1,20.7,93.9,29.6,93.3,0,0,0
"400","18K279",404,0.674,0.886,0.136,0.802,1,23.1,93.8,28.6,93,0,0,0
"401","19K007",879,0.82,0.093,0.196,0.924,1,26.2,92.9,51.6,89.7,0,0,0
"402","19K013",489,0.946,0.648,0.27,0.949,1,36.5,91.2,42.9,90.8,0,0,0
"403","19K065",617,0.866,0.076,0.12,0.828,0,26,92.5,62.5,87.8,0,0,1
"404","19K089",457,0.87,0.031,0.256,0.928,1,20,93.6,22.2,94.7,0,0,0
"405","19K108",959,0.862,0.112,0.239,0.825,1,26.5,92.9,29.4,91.7,0,0,0
"406","19K149",681,0.909,0.593,0.182,0.957,1,44.7,90.1,36.7,90.2,1,0,0
"407","19K158",589,0.909,0.486,0.188,0.896,1,38.4,90.9,47.6,89.3,0,0,0
"408","19K159",798,0.899,0.31,0.163,0.857,1,31.3,91.8,56.5,88.5,0,0,0
"409","19K190",185,0.913,0.773,0.168,0.973,1,61.3,84,71.4,82.2,0,0,0
"410","19K202",439,0.928,0.588,0.292,0.957,1,50,88.6,50,88.6,0,0,0
"411","19K213",285,0.945,0.695,0.182,0.947,1,56.5,88.6,83.3,87.4,0,0,0
"412","19K214",914,0.884,0.116,0.165,0.828,1,36.9,91,45.8,88.7,0,0,0
"413","19K224",412,0.928,0.641,0.231,0.956,1,64.1,87,76.9,85.2,0,0,0
"414","19K273",371,0.89,0.768,0.272,0.865,1,36.7,89.9,26.7,91.4,0,0,0
"415","19K290",525,0.889,0.208,0.232,0.954,1,15.8,93.5,24,92.4,0,0,0
"416","19K306",329,0.967,0.705,0.362,0.96,1,54.2,89.2,67.9,86.8,0,0,0
"417","19K325",211,0.915,0.697,0.242,0.943,1,53.8,87.4,61.5,86.5,0,0,0
"418","19K328",289,0.971,0.533,0.266,0.979,1,38.1,91.3,71.4,88.8,0,0,0
"419","19K345",535,0.9,0.333,0.164,0.86,1,36.7,91.3,40,91.6,0,0,0
"420","19K346",581,0.748,0.639,0.227,0.854,1,26.9,92.2,42.9,91.4,0,0,0
"421","19K557",308,0.969,0.659,0.334,0.974,1,37.3,91.5,22.7,92.9,0,0,0
"422","19K677",536,0.914,0.485,0.209,0.899,1,40.5,90.2,55,88,0,0,0
"423","20K030",911,0.761,0.015,0.203,0.806,1,10.4,95.9,7.4,95,0,0,0
"424","20K048",593,0.797,0.01,0.212,0.739,1,26.2,92.8,31.6,90.9,0,0,0
"425","20K069",785,0.924,0.003,0.113,0.972,1,3.5,98,0,96.6,0,0,0
"426","20K102",1432,0.627,0.01,0.182,0.656,1,7.3,96,9.4,95.4,1,0,0
"427","20K104",1265,0.55,0.043,0.15,0.644,1,8.9,95.8,23.5,92,1,0,0
"428","20K105",1507,0.927,0.003,0.07,0.898,1,1.9,98.6,0,98.9,0,0,0
"429","20K112",681,0.756,0.001,0.182,0.721,1,12.2,95.7,15.4,93.7,0,0,0
"430","20K127",538,0.669,0.009,0.206,0.816,1,15.7,94.3,31.3,91.6,0,0,0
"431","20K160",1274,0.92,0.006,0.129,0.87,1,4,98.1,11.8,96.3,0,0,0
"432","20K163",633,0.761,0.013,0.193,0.812,1,17.5,95.3,28.6,94,0,0,0
"433","20K164",709,0.894,0.016,0.178,0.842,1,6.5,96.5,5,96.2,1,0,0
"434","20K170",1035,0.828,0.005,0.164,0.912,1,8.7,96.5,18.5,93.4,0,0,0
"435","20K176",1334,0.799,0.006,0.108,0.87,1,3.8,97.8,8.8,96.5,1,0,0
"436","20K179",884,0.904,0.04,0.172,0.873,1,20.4,94,32.3,92,0,0,0
"437","20K180",1136,0.847,0.008,0.158,0.884,1,12.2,95.9,28.6,94,0,0,0
"438","20K185",652,0.39,0.012,0.156,0.4,1,8.6,95.4,13.3,93.7,0,0,0
"439","20K186",1032,0.771,0.002,0.182,0.741,1,8,96.3,6.1,96.4,0,0,0
"440","20K192",677,0.9,0.018,0.219,0.858,0,20.5,93.3,23.8,91.4,0,0,1
"441","20K200",1316,0.782,0.007,0.134,0.828,1,16,94.2,26.3,92.7,1,0,0
"442","20K204",1178,0.652,0.003,0.15,0.772,1,5.1,96.9,13.3,94.7,1,0,0
"443","20K205",1278,0.733,0.01,0.167,0.681,1,11.7,96,24.4,92.6,1,0,0
"444","20K229",1249,0.505,0.014,0.149,0.607,1,9.1,96.8,35.3,93.4,1,0,0
"445","20K247",873,0.714,0.003,0.192,0.669,0,10.9,96.2,15.8,95.3,0,0,1
"446","20K264",480,0.636,0.029,0.252,0.694,1,17.2,94.4,32.3,92.1,0,0,0
"447","20K310",409,0.893,0,0.117,0.951,0,3.3,98.6,0,98.4,0,0,1
"448","20K503",1072,0.937,0.006,0.238,0.963,1,15.3,95,25.5,93.5,0,0,0
"449","20K506",793,0.913,0.009,0.201,0.963,1,14.8,94.9,34.8,93.6,0,0,0
"450","20K682",378,0.394,0.05,0.302,0.381,0,5.6,96,5.3,96.2,0,0,1
"451","20K686",566,0.271,0.049,0.072,0.226,0,1.6,95.8,30.19986,91.86482,1,1,1
"452","20K748",548,0.654,0.004,0.144,0.732,0,9.8,95.4,25,92.4,1,1,1
"453","20K971",357,0.886,0.011,0.112,0.922,0,7.2,97.1,14.3,95.5,0,0,1
"454","21K090",667,0.891,0.171,0.187,0.85,1,35.5,90.7,64.7,87.8,0,0,0
"455","21K095",943,0.795,0.082,0.176,0.754,1,15,95.4,42.9,92.3,1,0,0
"456","21K097",780,0.709,0.01,0.176,0.683,1,13.3,95.5,27.6,93.1,0,0,0
"457","21K099",876,0.807,0.075,0.14,0.755,1,25.8,93.2,30,91.1,1,0,0
"458","21K100",793,0.45,0.03,0.184,0.512,1,11.1,93.7,16,93.2,0,0,0
"459","21K101",870,0.688,0.008,0.243,0.67,1,15.2,95.2,36.4,91.4,0,0,0
"460","21K121",336,0.727,0.024,0.277,0.652,0,4.2,96.4,7.1,95,0,0,1
"461","21K128",467,0.816,0.011,0.182,0.872,1,14.9,94.8,7.1,95.1,0,0,0
"462","21K153",563,0.824,0.012,0.195,0.799,1,13.5,95.1,16.7,94.4,0,0,0
"463","21K177",1022,0.803,0.007,0.166,0.785,1,19.9,94.8,20,94.2,0,0,0
"464","21K188",437,0.922,0.497,0.295,0.904,1,46.1,86.5,33.3,87.2,0,0,0
"465","21K199",556,0.812,0.054,0.198,0.847,1,19.8,93.8,35.3,92.5,0,0,0
"466","21K209",733,0.7,0.034,0.266,0.799,1,17.4,95,13.8,95.1,0,0,0
"467","21K212",699,0.851,0.119,0.242,0.868,1,30.9,92.1,43.2,89.1,0,0,0
"468","21K215",920,0.695,0.021,0.147,0.742,1,19.5,93.5,33.3,92.3,1,0,0
"469","21K216",762,0.679,0.033,0.144,0.753,1,12,94.8,31.6,92.1,0,0,0
"470","21K225",1011,0.827,0.02,0.201,0.782,1,18.3,93.9,7.7,94.9,0,0,0
"471","21K226",1030,0.795,0.017,0.165,0.865,1,20.5,94,18.2,93.8,0,0,0
"472","21K238",611,0.869,0.041,0.211,0.846,1,27.5,93.3,40,92,0,0,0
"473","21K253",921,0.896,0.003,0.155,0.848,1,13.1,94.9,8.7,95,0,0,0
"474","21K288",663,0.955,0.599,0.308,0.935,1,54.3,87.1,57.7,86.9,0,0,0
"475","21K329",414,0.935,0.594,0.268,0.961,1,44.3,89.6,61.3,87.3,0,0,0
"476","22K052",823,0.701,0.146,0.13,0.764,1,17.5,93.8,36.8,92.1,1,0,0
"477","22K109",681,0.75,0.8,0.256,0.872,1,35.3,91.1,50,87.2,0,0,0
"478","22K119",442,0.726,0.624,0.163,0.733,1,14,95.4,14.3,95.2,0,0,0
"479","22K134",570,0.85,0.056,0.139,0.796,1,4.8,95.6,0,95.7,0,0,0
"480","22K139",992,0.753,0.255,0.185,0.816,1,19.1,94.1,28.6,92.5,0,0,0
"481","22K152",734,0.824,0.602,0.228,0.807,1,19.7,94.4,23.1,93.3,0,0,0
"482","22K193",758,0.661,0.451,0.208,0.764,1,19.5,93.8,32.1,92.3,1,0,0
"483","22K194",590,0.904,0.461,0.258,0.883,1,34.7,92.2,40,91.8,0,0,0
"484","22K195",481,0.318,0.019,0.062,0.322,0,34.2,92.2,30.19986,91.86482,1,1,1
"485","22K197",664,0.691,0.102,0.179,0.646,1,15.7,94,20,92.9,1,0,0
"486","22K198",390,0.75,0.854,0.226,0.836,1,22.1,92.4,23.8,90,0,0,0
"487","22K203",729,0.658,0.765,0.217,0.671,1,11.9,95.1,7.7,96.3,0,0,0
"488","22K206",1505,0.608,0.016,0.128,0.736,1,13.1,95.9,11.5,94.8,0,0,0
"489","22K207",1228,0.389,0.339,0.194,0.518,1,7.3,95.5,4,95.4,0,0,0
"490","22K217",1186,0.802,0.095,0.148,0.777,1,17.3,94,32.4,92.3,0,0,0
"491","22K222",932,0.435,0.132,0.235,0.54,1,12.8,95.1,22.9,94,0,0,0
"492","22K236",554,0.366,0.209,0.143,0.475,1,7.6,95,7.7,94.3,1,0,0
"493","22K245",308,0.824,0.545,0.244,0.958,1,2.4,95.3,0,94.8,0,0,0
"494","22K251",524,0.77,0.729,0.2,0.75,1,25.3,92.3,27.3,90.7,0,0,0
"495","22K254",789,0.549,0.009,0.142,0.58,1,14.4,94.6,9.5,93.8,0,0,0
"496","22K255",936,0.726,0.025,0.166,0.77,1,18.1,94.5,38.5,92,0,0,0
"497","22K277",421,0.386,0.024,0.207,0.527,1,10.3,95.3,9.5,94.2,0,0,0
"498","22K312",792,0.454,0.389,0.196,0.574,1,19.9,92.9,25.8,90.2,0,0,0
"499","22K315",677,0.835,0.558,0.27,0.903,1,20.7,93.8,37.8,92,0,0,0
"500","22K361",418,0.857,0.775,0.213,0.888,1,23.1,93.2,30.19986,91.86482,0,0,0
"501","23K041",457,0.964,0.6,0.33,0.987,1,48.1,87.6,50,87.4,0,0,0
"502","23K137",303,0.895,0.749,0.3,0.934,1,30.8,90.5,41.2,88.3,0,0,0
"503","23K150",171,0.975,0.649,0.363,0.988,1,51.6,89.6,38.5,90.7,0,0,0
"504","23K155",416,0.938,0.512,0.228,0.974,1,50.9,88.5,46.2,91.4,0,0,0
"505","23K156",714,0.89,0.797,0.231,0.917,1,46.9,88.5,56.3,85.8,0,0,0
"506","23K165",229,0.954,0.79,0.284,0.939,1,37.1,88.6,41.2,90.4,0,0,0
"507","23K178",377,0.918,0.753,0.207,0.894,1,42,89.5,58.3,88.7,0,0,0
"508","23K184",567,0.953,0.718,0.287,0.915,1,34.4,90.4,36.8,89.8,0,0,0
"509","23K284",474,0.972,0.662,0.287,0.947,1,41.1,89.6,52.6,87.5,0,0,0
"510","23K298",262,0.973,0.718,0.244,0.989,1,33.3,91.2,25,93.5,0,0,0
"511","23K323",569,0.926,0.775,0.188,0.944,1,50,88.6,30.19986,91.86482,0,0,0
"512","23K327",327,0.944,0.664,0.269,0.972,1,60.8,84.9,66.7,80.1,0,0,0
"513","23K401",302,0.956,0.659,0.212,0.977,1,52.9,85.1,60,82.2,0,0,0
"514","23K446",347,0.947,0.738,0.262,0.951,1,48.5,88.8,52.4,87.9,0,0,0
"515","23K599",325,0.809,0.723,0.185,0.757,0,23.9,92.7,40,91.1,1,1,1
"516","24Q007",993,0.78,0.004,0.113,0.891,1,7.7,96.4,10,95.8,0,0,0
"517","24Q012",1219,0.759,0.006,0.15,0.893,1,9.6,95.9,14.7,94.3,0,0,0
"518","24Q013",1597,0.776,0.09,0.14,0.747,1,13.1,95.4,22,93.6,0,0,0
"519","24Q014",1691,0.893,0.024,0.177,0.858,1,13,95,20.6,93.5,0,0,0
"520","24Q016",1574,0.906,0.001,0.198,0.883,1,6.9,96.1,15.3,94.9,1,0,0
"521","24Q019",1891,0.891,0.006,0.222,0.921,1,8,96.1,7.7,96.1,0,0,0
"522","24Q049",1160,0.385,0.005,0.172,0.479,1,14.4,94.9,8.7,94.8,0,0,0
"523","24Q058",1027,0.596,0.009,0.173,0.771,1,12.5,95.9,15.4,93.7,0,0,0
"524","24Q068",646,0.744,0.026,0.221,0.721,1,29.7,92.5,27.3,92.8,1,0,0
"525","24Q071",752,0.738,0.009,0.191,0.872,1,30.9,92.2,32,91.3,0,0,0
"526","24Q081",682,0.87,0.013,0.27,0.834,1,6.5,95.7,6.3,94.8,0,0,0
"527","24Q087",606,0.578,0.021,0.233,0.647,1,25,92.2,40,87.4,0,0,0
"528","24Q088",941,0.682,0.019,0.18,0.759,1,21,93,33.3,91.7,0,0,0
"529","24Q089",1961,0.819,0.001,0.158,0.787,1,10.3,95.7,15.5,94.8,0,0,0
"530","24Q091",750,0.536,0.019,0.217,0.719,1,22.2,93.2,28,91.5,0,0,0
"531","24Q102",1326,0.682,0.029,0.135,0.86,1,9.7,96.2,9.1,95.6,0,0,0
"532","24Q110",790,0.905,0.008,0.189,0.946,1,13.6,95,15.4,94.4,0,0,0
"533","24Q113",896,0.338,0.01,0.154,0.566,1,5.3,95.6,18.2,94,0,0,0
"534","24Q119",1277,0.472,0.018,0.087,0.742,1,10.5,95.7,20,95.5,1,0,0
"535","24Q128",969,0.26,0.005,0.142,0.368,1,6.1,96.4,15.4,96.1,0,0,0
"536","24Q143",1484,0.914,0.015,0.232,0.956,1,16.5,94.6,27.4,92.8,0,0,0
"537","24Q153",1204,0.585,0.007,0.179,0.715,1,17.2,94.7,27,93.4,1,0,0
"538","24Q199",898,0.756,0.03,0.18,0.713,1,15.4,94.7,32,91.6,0,0,0
"539","24Q211",298,0.879,0.013,0.211,0.966,1,5.5,96.2,0,97.3,0,0,0
"540","24Q229",1469,0.579,0.015,0.217,0.718,1,9.6,96.1,19.1,93.9,1,0,0
"541","24Q239",564,0.873,0.012,0.25,0.938,1,13.5,93.5,5.6,93.4,0,0,0
"542","24Q290",542,0.579,0.031,0.107,0.668,0,16,94.7,42.9,91.9,1,1,1
"543","24Q305",614,0.784,0.02,0.261,0.875,1,18.7,93.8,33.3,91.3,0,0,0
"544","24Q307",934,0.887,0.007,0.228,0.975,1,6.7,96.7,6.1,96.9,0,0,0
"545","24Q330",590,0.869,0.036,0.208,0.941,1,15.8,94.5,21.6,94.1,1,0,0
"546","24Q343",368,0.77,0,0.228,0.829,1,19.3,94.6,25,93.2,0,0,0
"547","25Q020",1314,0.846,0.044,0.13,0.938,1,8.5,96.9,25,92,0,0,0
"548","25Q021",1425,0.658,0.012,0.12,0.787,1,7.5,96.1,11.1,94.7,1,0,0
"549","25Q022",921,0.782,0.005,0.117,0.911,1,7.7,96.5,5,95.9,0,0,0
"550","25Q024",992,0.739,0.022,0.129,0.722,1,5.5,97.5,6.7,96.4,0,0,0
"551","25Q029",728,0.727,0.007,0.18,0.878,1,16.9,94.9,38.9,90.4,0,0,0
"552","25Q032",980,0.578,0.008,0.107,0.683,1,7.4,96.5,15,95.5,1,0,0
"553","25Q079",1136,0.417,0.005,0.129,0.537,1,7.8,96.1,27.8,92.1,1,0,0
"554","25Q107",970,0.596,0.012,0.169,0.768,1,14.4,95.2,29,93.4,0,0,0
"555","25Q120",1034,0.786,0.005,0.128,0.767,1,4.3,97.4,11.8,95.8,0,0,0
"556","25Q129",1094,0.642,0.018,0.166,0.782,1,11.2,95.2,19.4,92.7,0,0,0
"557","25Q130",397,0.418,0.038,0.156,0.484,1,5.3,96.3,13.3,94.9,0,0,0
"558","25Q154",673,0.696,0.092,0.168,0.829,1,12.9,95.3,22.2,93.3,0,0,0
"559","25Q163",804,0.69,0.016,0.134,0.808,1,6,97.1,15.8,95.6,0,0,0
"560","25Q164",693,0.557,0.048,0.159,0.74,1,16.5,94,33.3,92.4,0,0,0
"561","25Q165",767,0.634,0.107,0.231,0.73,1,12.6,95.5,21.4,94.2,1,0,0
"562","25Q169",445,0.282,0.052,0.18,0.342,0,11.1,95.5,10,93.6,0,0,1
"563","25Q184",514,0.37,0,0.179,0.469,1,6.4,95.8,16.7,94.5,0,0,0
"564","25Q193",587,0.282,0.007,0.145,0.383,1,9.3,95,0,94.7,1,0,0
"565","25Q200",522,0.552,0.216,0.172,0.724,1,11.5,94.8,22.2,94.5,0,0,0
"566","25Q201",482,0.779,0.388,0.243,0.743,1,37.3,90.6,60,84.8,0,0,0
"567","25Q209",580,0.331,0.005,0.131,0.409,0,4.3,96.8,0,96.7,1,1,1
"568","25Q214",529,0.721,0.06,0.14,0.796,0,7.3,96.7,22.2,95.5,1,1,1
"569","25Q219",642,0.59,0.07,0.287,0.74,1,9,95.8,6.7,95.2,0,0,0
"570","25Q242",392,0.607,0.036,0.128,0.651,0,12.3,96.2,0,96.5,0,0,1
"571","25Q244",456,0.706,0.015,0.114,0.796,1,2.3,97.8,0,96.4,0,0,0
"572","25Q499",506,0.404,0.209,0.103,0.504,0,3.7,96.7,30.19986,91.86482,0,0,1
"573","26Q018",617,0.431,0.112,0.135,0.59,1,4.8,96.2,0,96.8,1,0,0
"574","26Q026",709,0.569,0.078,0.181,0.687,1,8,95.8,13,93.7,0,0,0
"575","26Q031",551,0.457,0.076,0.176,0.575,1,6.7,96.2,25,94,0,0,0
"576","26Q041",486,0.335,0.021,0.183,0.399,1,4,96.5,0,96.5,0,0,0
"577","26Q046",556,0.437,0.045,0.261,0.529,1,6.8,96.6,15.6,95.4,0,0,0
"578","26Q094",328,0.419,0.043,0.155,0.5,0,3.2,96.7,11.1,96.4,0,0,1
"579","26Q098",289,0.207,0.045,0.17,0.221,0,4.8,96.4,30.19986,91.86482,0,0,1
"580","26Q115",753,0.384,0.056,0.114,0.444,1,8.5,96.2,13.3,95.5,1,0,0
"581","26Q133",553,0.435,0.058,0.179,0.617,1,6.9,95.8,13,94.6,1,0,0
"582","26Q159",678,0.416,0.003,0.143,0.51,1,3.6,97.3,5,95.9,0,0,0
"583","26Q162",680,0.462,0.019,0.154,0.641,0,5.4,97.2,4.2,96.4,0,0,1
"584","26Q173",948,0.445,0.017,0.15,0.586,1,10.1,96.1,45,90.2,0,0,0
"585","26Q178",566,0.332,0.069,0.163,0.383,0,4.9,96.3,7.1,96.1,0,0,1
"586","26Q186",383,0.291,0.128,0.29,0.363,1,14.3,94.4,16.7,93.5,0,0,0
"587","26Q188",734,0.226,0.018,0.099,0.264,1,1.8,97.8,9.1,95.9,1,0,0
"588","26Q191",396,0.511,0.015,0.129,0.646,1,7.1,96.1,20,92.5,0,0,0
"589","26Q203",938,0.325,0.016,0.098,0.45,1,2.5,97.5,15.4,94.9,1,0,0
"590","26Q205",325,0.233,0.018,0.182,0.283,0,5.7,96.2,13.3,95.9,0,0,1
"591","26Q213",467,0.493,0.06,0.12,0.563,1,8.7,95.7,30.19986,91.86482,0,0,0
"592","26Q221",628,0.267,0.027,0.131,0.411,1,5.4,96.4,13.3,95.2,0,0,0
"593","26Q266",649,0.358,0.199,0.234,0.538,1,10.4,95,18.8,94.3,0,0,0
"594","27Q042",658,0.911,0.726,0.271,0.96,1,52.2,87.7,70.6,82.7,0,0,0
"595","27Q043",901,0.87,0.579,0.219,0.917,1,30.1,91.4,40,88.8,0,0,0
"596","27Q045",325,0.747,0.665,0.212,0.905,1,26.1,92.4,16.7,91.2,0,0,0
"597","27Q047",216,0.382,0.014,0.269,0.352,1,18.8,93.4,62.5,86.7,0,0,0
"598","27Q056",387,0.691,0.047,0.202,0.822,1,18.3,93.9,33.3,91.7,0,0,0
"599","27Q060",1176,0.77,0.031,0.168,0.884,1,19.3,93.9,18.8,93.6,0,0,0
"600","27Q062",944,0.737,0.035,0.119,0.721,1,12.4,95.1,20,93.4,0,0,0
"601","27Q063",1227,0.706,0.055,0.17,0.866,1,19.2,94,28,92.3,0,0,0
"602","27Q064",616,0.798,0.032,0.12,0.763,1,7.9,95.1,16.7,92.7,0,0,0
"603","27Q065",456,0.774,0.064,0.215,0.724,1,26.6,93,30.8,91.6,0,0,0
"604","27Q066",494,0.678,0.053,0.275,0.87,0,21.4,94,25,92.8,0,0,1
"605","27Q090",850,0.754,0.045,0.175,0.912,1,18.9,93.9,25,93.2,0,0,0
"606","27Q096",306,0.714,0.212,0.105,0.856,1,21.7,92.8,40,90.8,0,0,0
"607","27Q097",720,0.745,0.022,0.175,0.883,1,19.1,93.9,29,92.7,0,0,0
"608","27Q100",957,0.673,0.07,0.199,0.651,1,18.8,93.4,35.1,92.1,0,0,0
"609","27Q104",689,0.855,0.456,0.212,0.811,1,29.6,92.1,25.9,92.2,0,0,0
"610","27Q105",815,0.937,0.628,0.317,0.888,1,47,89.4,56.1,87.4,0,0,0
"611","27Q106",211,0.934,0.607,0.327,0.943,1,54.7,87.8,53.8,86,0,0,0
"612","27Q108",1471,0.663,0.059,0.163,0.853,1,15.3,94.3,24.4,92.6,1,0,0
"613","27Q114",669,0.178,0.021,0.233,0.245,1,16.2,94.4,17.4,93.6,0,0,0
"614","27Q123",688,0.737,0.551,0.205,0.865,1,15.9,93.4,14.3,93.6,0,0,0
"615","27Q124",1229,0.687,0.2,0.124,0.641,1,24.6,93.5,29.4,92,0,0,0
"616","27Q146",678,0.32,0.021,0.226,0.475,1,27.1,93,25,92.5,0,0,0
"617","27Q155",520,0.658,0.225,0.138,0.923,1,7.1,95.6,17.4,94.1,0,0,0
"618","27Q183",525,0.913,0.558,0.356,0.928,1,37.7,90.8,45.5,89.3,0,0,0
"619","27Q197",498,0.886,0.454,0.245,0.96,1,22.6,93.1,30.3,91.4,0,0,0
"620","27Q207",680,0.178,0.013,0.2,0.356,1,14.1,94.1,18.8,94,0,0,0
"621","27Q223",559,0.76,0.61,0.225,0.936,1,26.3,93.1,27.3,92,0,0,0
"622","27Q232",970,0.499,0.085,0.196,0.627,1,15,95,24,94.2,1,0,0
"623","27Q253",562,0.874,0.315,0.244,0.972,1,20.8,93.2,27.8,92.7,0,0,0
"624","27Q254",648,0.694,0.035,0.142,0.815,1,14.9,94.3,6.3,95.1,0,0,0
"625","27Q273",340,0.727,0.05,0.191,0.932,1,23.9,93.6,36.4,91.3,0,0,0
"626","27Q306",417,0.676,0.05,0.192,0.835,1,18.8,93.4,23.1,92.1,0,0,0
"627","27Q316",386,0.625,0.067,0.127,0.764,1,19.1,93.4,28.6,92.2,0,0,0
"628","27Q317",503,0.668,0.239,0.201,0.74,1,15.1,94.7,7.7,95.3,0,0,0
"629","27Q333",428,0.706,0.699,0.072,0.797,1,8.3,95.6,16.7,95.3,0,0,0
"630","27Q362",554,0.833,0.386,0.177,0.903,1,24.4,94.1,26.7,92.7,0,0,0
"631","28Q040",458,0.864,0.572,0.277,0.939,1,44.8,90.7,38.1,90,0,0,0
"632","28Q048",601,0.849,0.542,0.26,0.908,1,27.3,93,25,92.6,0,0,0
"633","28Q050",797,0.777,0.189,0.187,0.952,1,17.1,94,15.4,93.2,0,0,0
"634","28Q054",565,0.836,0.071,0.166,0.805,1,25.2,93.1,37.5,91.5,0,0,0
"635","28Q055",513,0.725,0.08,0.185,0.832,1,14.1,94.7,13.3,94.1,0,0,0
"636","28Q080",523,0.635,0.845,0.241,0.782,1,30.8,92.7,31,92.2,0,0,0
"637","28Q082",656,0.86,0.063,0.175,0.814,1,15.3,94.6,24.1,93.6,0,0,0
"638","28Q086",944,0.831,0.078,0.176,0.798,1,23.3,93.4,25.9,91.2,0,0,0
"639","28Q099",785,0.573,0.062,0.217,0.674,1,12.3,95.5,21.7,94.3,0,0,0
"640","28Q101",654,0.155,0.031,0.15,0.188,0,9,95.6,26.7,93.9,0,0,1
"641","28Q117",1016,0.659,0.096,0.179,0.601,1,24.1,93.1,33.3,92.3,0,0,0
"642","28Q121",928,0.612,0.166,0.129,0.828,1,21.1,94,33.3,92.5,1,0,0
"643","28Q139",750,0.564,0.015,0.177,0.632,1,6.2,95.6,8.7,94.8,0,0,0
"644","28Q140",473,0.785,0.67,0.207,0.913,1,37.2,91.2,36.8,88.2,0,0,0
"645","28Q144",893,0.211,0.012,0.135,0.219,1,10.3,95.5,26.7,94.5,1,0,0
"646","28Q160",659,0.775,0.484,0.205,0.859,1,32.2,92,31.8,92,0,0,0
"647","28Q161",708,0.729,0.059,0.137,0.847,1,14.3,94.3,14.3,94.2,0,0,0
"648","28Q174",673,0.355,0.031,0.101,0.383,1,12.6,95.5,11.1,94.6,1,0,0
"649","28Q175",808,0.467,0.01,0.144,0.604,1,16.5,94.7,15,94.5,0,0,0
"650","28Q182",760,0.817,0.13,0.17,0.967,1,17.4,94.1,26.9,92.4,0,0,0
"651","28Q196",993,0.201,0.023,0.119,0.251,1,10.1,96.2,31.3,92.7,0,0,0
"652","28Q206",610,0.68,0.162,0.13,0.789,1,13.7,94.6,33.3,92.4,0,0,0
"653","28Q220",706,0.643,0.075,0.112,0.749,1,5.4,95.8,10,95,1,0,0
"654","28Q303",207,0.231,0.053,0.135,0.246,0,0,98.1,30.19986,91.86482,0,0,1
"655","28Q312",153,0.813,0.693,0.34,0.935,1,13.9,94.4,11.1,94.7,0,0,0
"656","28Q354",616,0.703,0.86,0.19,0.787,1,21.8,93.7,32,92,0,0,0
"657","29Q015",433,0.635,0.905,0.164,0.753,1,16.4,94.7,25,94.4,0,0,0
"658","29Q033",974,0.611,0.145,0.137,0.821,1,16,94.2,16,93.3,0,0,0
"659","29Q034",580,0.664,0.7,0.167,0.909,1,27.8,93.1,47.4,91.6,0,0,0
"660","29Q035",706,0.748,0.35,0.144,0.902,1,18.8,94.3,57.1,88.5,0,0,0
"661","29Q036",449,0.735,0.815,0.218,0.724,1,16.7,93.6,29.4,92.2,0,0,0
"662","29Q037",445,0.732,0.865,0.216,0.8,1,26.6,93.1,36.8,91.4,0,0,0
"663","29Q038",270,0.54,0.856,0.174,0.796,1,28.9,92.7,30.19986,91.86482,0,0,0
"664","29Q052",462,0.767,0.781,0.221,0.747,1,42.3,89.7,60,83.3,0,0,0
"665","29Q095",1490,0.779,0.094,0.117,0.754,1,29.1,92.3,40,89.7,0,0,0
"666","29Q116",792,0.816,0.54,0.246,0.795,1,30.9,91.6,30.4,89.1,0,0,0
"667","29Q118",448,0.74,0.79,0.219,0.748,1,16.7,94.5,29.4,93.3,0,0,0
"668","29Q131",812,0.713,0.055,0.103,0.919,1,11.6,95,0,95.5,0,0,0
"669","29Q132",391,0.658,0.88,0.225,0.841,1,26.4,92.6,20,93.7,0,0,0
"670","29Q134",382,0.711,0.772,0.199,0.859,1,23.3,92.8,28.6,91.4,0,0,0
"671","29Q135",989,0.612,0.277,0.169,0.593,1,17.9,93.6,31,91.7,0,0,0
"672","29Q136",618,0.682,0.851,0.154,0.801,1,30.1,92.2,43.8,90.8,0,0,0
"673","29Q138",763,0.633,0.806,0.185,0.801,1,27.9,91.8,0,94.8,0,0,0
"674","29Q147",593,0.579,0.89,0.191,0.745,1,21.6,91.6,30.19986,91.86482,0,0,0
"675","29Q156",260,0.648,0.908,0.127,0.75,1,34.7,89.7,50,87.3,0,0,0
"676","29Q176",716,0.437,0.704,0.099,0.767,1,15.2,94.9,25,94,1,0,0
"677","29Q181",326,0.646,0.794,0.282,0.739,1,16.7,93.9,10.5,93.6,0,0,0
"678","29Q195",564,0.578,0.908,0.172,0.848,1,25.6,92.5,40,91.4,0,0,0
"679","29Q208",707,0.338,0.744,0.192,0.472,1,6.4,95.7,0,95.1,0,0,0
"680","29Q251",339,0.55,0.838,0.227,0.761,1,20,94.1,35.7,92.2,0,0,0
"681","29Q268",632,0.717,0.285,0.141,0.791,1,14.7,94.6,50,89.3,0,0,0
"682","29Q270",753,0.426,0.96,0.165,0.681,1,14.1,94.7,20,94.1,0,0,0
"683","29Q295",496,0.596,0.24,0.175,0.782,1,10,96,0,97.2,0,0,0
"684","30Q002",568,0.615,0.026,0.188,0.734,1,24.2,93.5,38.1,90.8,0,0,0
"685","30Q011",1027,0.705,0.022,0.205,0.689,1,8.7,95.8,17.1,93.9,0,0,0
"686","30Q017",547,0.778,0.108,0.197,0.74,1,21.8,93.4,40,90.8,0,0,0
"687","30Q069",1033,0.659,0.004,0.11,0.628,1,7.8,96.5,12.5,95.8,0,0,0
"688","30Q070",880,0.743,0.03,0.126,0.83,1,12.6,95.1,29.4,93.6,0,0,0
"689","30Q076",457,0.851,0.319,0.344,0.775,1,26,92.8,40,90.3,0,0,0
"690","30Q078",706,0.25,0.037,0.126,0.275,1,16.8,94.5,30.8,94.4,0,0,0
"691","30Q084",272,0.637,0.07,0.18,0.57,0,8.9,95.6,22.2,93.8,0,0,1
"692","30Q085",657,0.51,0.03,0.139,0.428,1,19.1,94.1,44.4,87.8,1,0,0
"693","30Q092",928,0.86,0.011,0.206,0.831,1,10.4,95.9,12.1,94.8,0,0,0
"694","30Q111",316,0.972,0.497,0.307,0.965,1,41.9,91.1,46.2,90.7,0,0,0
"695","30Q112",485,0.87,0.202,0.14,0.833,1,34.3,91.2,11.1,93.5,0,0,0
"696","30Q122",1361,0.495,0.05,0.096,0.536,1,6.7,95.5,18.5,94.3,1,0,0
"697","30Q127",1299,0.786,0.108,0.169,0.858,1,15.9,94.2,13.3,93.9,0,0,0
"698","30Q148",919,0.815,0.003,0.166,0.803,1,11.3,94.7,14.8,94,0,0,0
"699","30Q149",1054,0.799,0.013,0.168,0.78,1,11.5,95.2,15.4,93.6,0,0,0
"700","30Q150",1081,0.628,0.01,0.13,0.553,1,10.7,94.9,25,91.7,1,0,0
"701","30Q151",381,0.846,0.239,0.273,0.934,1,15.2,93.9,27.3,92,0,0,0
"702","30Q152",1104,0.81,0.004,0.112,0.77,1,5.7,96.8,9.5,95.7,0,0,0
"703","30Q166",1075,0.641,0.034,0.112,0.699,1,11.7,95.8,25.9,92.6,1,0,0
"704","30Q171",503,0.879,0.272,0.223,0.93,1,37.7,90.5,45.5,89.9,0,0,0
"705","30Q212",784,0.671,0.004,0.163,0.606,1,13,95,11.1,93.3,0,0,0
"706","30Q234",522,0.744,0.065,0.176,0.83,1,7.4,95.5,17.6,92.7,0,0,0
"707","30Q280",688,0.862,0.015,0.131,0.949,1,12.1,95.4,35,91.2,0,0,0
"708","30Q300",457,0.298,0.059,0.05,0.276,0,4.8,96.2,30.19986,91.86482,1,1,1
"709","30Q329",380,0.805,0.068,0.184,0.939,1,17.6,93.9,23.5,93,0,0,0
"710","31R001",465,0.362,0.013,0.288,0.394,1,19.8,93.2,38.1,90.1,0,0,0
"711","31R003",791,0.237,0.001,0.216,0.3,1,13.2,94.4,7.4,94.2,1,0,0
"712","31R004",745,0.372,0.017,0.346,0.381,1,14.6,94.5,14.7,94.2,0,0,0
"713","31R005",302,0.224,0.003,0.235,0.248,0,12.2,94.4,17.6,94.1,0,0,1
"714","31R006",547,0.321,0.005,0.336,0.397,1,16.5,94.3,23.7,93.6,0,0,0
"715","31R008",601,0.319,0.013,0.215,0.354,1,10.4,95,17.6,93.7,1,0,0
"716","31R009",298,0.412,0.158,0.265,0.416,1,12.5,95,10.5,95.1,0,0,0
"717","31R010",165,0.884,0.267,0.424,0.897,1,22.2,93.3,30,92.3,0,0,0
"718","31R011",314,0.676,0.182,0.232,0.745,1,13.3,94.6,9.1,95.2,0,0,0
"719","31R013",881,0.691,0.148,0.242,0.663,1,22.1,93.9,37.1,91.2,0,0,0
"720","31R016",522,0.911,0.295,0.32,0.987,1,42.5,89.4,62.1,86,0,0,0
"721","31R018",573,0.935,0.447,0.384,0.916,1,34.8,91.9,38.9,91.1,0,0,0
"722","31R019",591,0.82,0.117,0.277,0.851,1,23.2,92.6,30.8,92.4,0,0,0
"723","31R020",464,0.923,0.17,0.379,0.961,1,16,93.7,8,94.8,0,0,0
"724","31R021",367,0.849,0.27,0.368,0.812,1,36.4,90.3,31.8,90.2,0,0,0
"725","31R022",983,0.789,0.24,0.269,0.881,1,33.9,91.6,44.2,89.7,0,0,0
"726","31R023",564,0.295,0.012,0.266,0.372,1,14.9,94.6,22.7,93.4,0,0,0
"727","31R026",264,0.413,0.03,0.22,0.496,0,17.4,94.5,9.1,96.6,0,0,1
"728","31R029",644,0.454,0.079,0.207,0.531,1,16.5,94.5,37.5,90.9,1,0,0
"729","31R030",822,0.32,0.024,0.234,0.36,1,18.7,93.8,30,92.6,0,0,0
"730","31R031",388,0.93,0.459,0.353,0.91,1,50.7,87.8,48.1,87.2,0,0,0
"731","31R032",674,0.305,0.007,0.277,0.329,1,10.3,94.3,11.4,93.8,0,0,0
"732","31R035",395,0.364,0.104,0.23,0.395,0,12.7,94.9,14.3,94.1,0,0,1
"733","31R036",855,0.273,0.002,0.225,0.353,1,14,94.8,20.6,93.6,0,0,0
"734","31R038",376,0.575,0.035,0.207,0.705,1,26.4,92.9,57.1,87.9,0,0,0
"735","31R039",548,0.652,0.088,0.248,0.686,1,22,94.1,14.3,94.9,0,0,0
"736","31R041",685,0.563,0.023,0.225,0.685,1,13,94.6,22.7,91.3,0,0,0
"737","31R042",1042,0.31,0.014,0.22,0.371,1,11.3,94.7,15.9,93.7,1,0,0
"738","31R044",879,0.916,0.412,0.344,0.951,1,39.3,90.5,42.9,90.3,0,0,0
"739","31R045",862,0.664,0.171,0.229,0.724,1,17.1,93.4,33.3,90.1,1,0,0
"740","31R046",269,0.689,0.145,0.279,0.825,1,34.1,92.4,44.4,90.6,0,0,0
"741","31R048",981,0.357,0.039,0.189,0.421,1,6.9,95.4,16.7,94.1,0,0,0
"742","31R050",774,0.314,0.022,0.208,0.407,1,16,93.9,30,90.5,1,0,0
"743","31R052",526,0.514,0.017,0.213,0.656,1,10.3,94.6,15,94.1,0,0,0
"744","31R053",833,0.296,0.014,0.222,0.399,1,13.2,94.5,29.2,90.4,1,0,0
"745","31R054",806,0.5,0.058,0.268,0.6,1,19,93.7,24.2,91.8,0,0,0
"746","31R055",600,0.269,0.005,0.242,0.37,1,13.1,94.8,25,93.8,0,0,0
"747","31R056",605,0.304,0.012,0.294,0.374,1,11.2,94.7,20,93.4,0,0,0
"748","31R057",710,0.893,0.548,0.283,0.868,1,34.6,90.8,52.9,87.3,0,0,0
"749","31R058",688,0.429,0.049,0.26,0.533,1,20.7,93.4,50,88.9,0,0,0
"750","31R059",263,0.616,0.346,0.236,0.62,0,17.4,93.8,0,94.2,0,0,1
"751","31R060",871,0.425,0.047,0.268,0.579,1,15.5,94,32.5,91.3,1,0,0
"752","31R065",430,0.554,0.181,0.272,0.607,1,11.6,95,16.7,94.6,0,0,0
"753","31R069",935,0.487,0.019,0.26,0.581,1,16.1,94.4,26.8,92.7,1,0,0
"754","31R074",312,0.89,0.263,0.356,0.917,1,52.5,89.4,66.7,89.6,0,0,0
"755","31R078",845,0.946,0.433,0.355,0.966,1,36.8,91,50,89.4,0,0,0
"756","31R080",1313,0.453,0.212,0.292,0.482,1,13.2,94.6,23.5,93.4,0,0,0
"757","31R861",906,0.644,0.202,0.251,0.787,1,25.5,93.5,29.2,93.1,0,0,0
"758","32K045",681,0.87,0.426,0.186,0.834,1,35.1,91.4,50,88.1,0,0,0
"759","32K075",364,0.941,0.22,0.214,0.92,1,36.7,90.6,52.9,86.8,0,0,0
"760","32K086",384,0.932,0.01,0.237,0.982,1,15,94.4,33.3,93.2,0,0,0
"761","32K106",422,0.906,0.1,0.275,0.957,1,22.1,92.1,23.1,92.5,0,0,0
"762","32K116",395,0.926,0.033,0.256,0.896,1,20.5,92,22.2,90.7,0,0,0
"763","32K123",627,0.9,0.027,0.166,0.968,1,16,95.1,10.5,95.2,0,0,0
"764","32K145",576,0.945,0.05,0.174,0.917,1,23.9,93.8,7.7,94.9,0,0,0
"765","32K151",305,0.914,0.141,0.193,0.951,0,11.6,94.9,23.1,93.2,0,0,1
"766","32K274",419,0.901,0.115,0.191,0.969,1,32.5,92.2,41.2,89.8,0,0,0
"767","32K299",265,0.922,0.502,0.204,0.962,1,29.5,92.8,50,90.4,0,0,0
"768","32K376",520,0.845,0.073,0.156,0.875,1,15.6,94.2,21.1,93.7,1,0,0
"769","32K377",315,0.861,0.19,0.327,0.937,1,42.9,88.8,30.19986,91.86482,0,0,0
"770","32K384",513,0.925,0.121,0.263,0.887,1,14.3,92.6,22.2,87.4,0,0,0
